question,answer,role,source
What is the section number for “Health & Safety”?,"# Employee Handbook

## Table of Contents
1. [Welcome & Introduction](#welcome--introduction)
2. [Employee Onboarding & Benefits](#employee-onboarding--benefits)
3. [Leave Policies](#leave-policies)
4. [Work Hours & Attendance](#work-hours--attendance)
5. [Code of Conduct & Workplace Behavior](#code-of-conduct--workplace-behavior)
6. [Health & Safety](#health--safety)
7. [Compensation & Payroll](#compensation--payroll)
8. [Reimbursement Policies](#reimbursement-policies)
9. [Training & Development](#training--development)
10. [Performance & Feedback](#performance--feedback)
11. [Privacy & Data Security](#privacy--data-security)
12. [Exit Policy](#exit-policy)
13. [FAQs](#faqs)
14. [Miscellaneous](#miscellaneous)

---

## Welcome & Introduction",c-level,employee_handbook.md
Which expense categories experienced significant pressure in 2024 according to the report?,"# Financial Report for FinSolve Technologies Inc. - 2024

Executive Summary:
-------------------------------------------
2024 marked a year of both opportunity and challenge for FinSolve Technologies. Despite a robust revenue increase, we saw significant pressure in certain expense categories, notably vendor-related costs and software subscriptions. However, these pressures were balanced by cost-saving measures in operational efficiency, strong gross margin performance, and strategic investment in growth areas. The company is well-positioned to continue scaling its core offerings, but focused attention on cost optimization will be essential for maintaining profitability in the coming years.",finance,financial_summary.md
What were the three core pillars of the Q4 2024 marketing strategy?,"# Comprehensive Marketing Report - Q4 2024

## Executive Summary
The Q4 2024 marketing efforts were pivotal in solidifying our market position, enhancing customer engagement, and setting the stage for robust growth in the upcoming year. This report provides a detailed analysis of our marketing strategies, performance metrics, and strategic objectives for the quarter. By focusing on market penetration, strengthening customer relationships, and optimizing our marketing investments, we achieved significant milestones while identifying key areas for improvement.

## Q4 - Marketing Overview
In Q4 2024, our marketing strategy centered on three core pillars: finalizing market penetration in key demographics, fostering stronger customer relationships through personalized engagement, and laying the groundwork for sustained growth in 2025. Key initiatives included:",marketing,market_report_q4_2024.md
What is the employee's performance rating?,"employee_id: FINEMP1000
full_name: Aadhya Patel
role: Sales Manager
department: Sales
email: aadhya.patel@fintechco.com
location: Ahmedabad
date_of_birth: 1991-04-03
date_of_joining: 2018-11-20
manager_id: FINEMP1006
salary: 1332478.37
leave_balance: 22
leaves_taken: 11
attendance_pct: 99.31
performance_rating: 3
last_review_date: 2024-05-21",hr,hr_data.csv
In what year was FinSolve Technologies founded?,"---

## Welcome & Introduction

### Company Vision and Mission
At FinSolve Technologies, our vision is to empower businesses and individuals through innovative technology solutions. Our mission is to deliver high-quality, sustainable products and services that create value for our stakeholders.

### Core Values
- **Integrity**: We act with honesty and transparency.
- **Respect**: We value diversity and treat everyone with dignity.
- **Innovation**: We encourage creativity and continuous improvement.
- **Customer Focus**: Our customers are at the heart of everything we do.
- **Accountability**: We take responsibility for our actions and results.

### Company Overview
Founded in 2016, FinSolve Technologies is a leading player in fintech with a presence across India and global markets. We are committed to ethical business, social responsibility, and fostering a culture of learning and growth.

---

## Employee Onboarding & Benefits",c-level,employee_handbook.md
By what percentage did FinSolve Technologies's net income increase in 2024?,"Year-Over-Year (YoY) Analysis:
-------------------------------------------
FinSolve Technologies's revenue grew by 25% in 2024, driven largely by the global expansion of its services, especially in Asia and Europe. This was accompanied by a 10% increase in vendor-related expenses, impacting overall profit margins. While gross profit increased by 25%, reflecting higher operational efficiency, **net income** saw a more modest increase of 12%. This suggests that while revenue growth is strong, controlling vendor costs and maintaining healthy cash flows remain key to long-term profitability.

Expense Breakdown by Category:
-------------------------------------------
The primary drivers of expense in 2024 were:",finance,financial_summary.md
What was the marketing spend allocated to support the described efforts?,"- **Targeted Campaigns**: Launched multi-channel campaigns across digital, social media, and traditional platforms to capture end-of-year demand.
- **Customer Engagement**: Enhanced customer loyalty programs and introduced personalized offers to boost retention.
- **Market Expansion**: Strengthened our B2B marketing efforts to increase enterprise client acquisition, particularly in the technology and finance sectors.

These efforts were supported by a strategic allocation of resources, with a marketing spend of $2.5 million, aimed at maximizing return on investment (ROI) and achieving our revenue targets.

## Q4 - Projections & Targets
Our projections for Q4 2024 were ambitious yet grounded in historical performance and market analysis. The key targets were:",marketing,market_report_q4_2024.md
What is the performance rating of Isha Chowdhury?,"employee_id: FINEMP1001
full_name: Isha Chowdhury
role: Credit Officer
department: Finance
email: isha.chowdhury@fintechco.com
location: Pune
date_of_birth: 1995-09-21
date_of_joining: 2021-05-20
manager_id: FINEMP1005
salary: 1491158.23
leave_balance: 8
leaves_taken: 3
attendance_pct: 85.15
performance_rating: 5
last_review_date: 2024-01-20",hr,hr_data.csv
In which onboarding phase does the buddy program take place?,"---

## Employee Onboarding & Benefits

### Onboarding Process
- **Pre-Joining**: Offer letter issuance, document submission (ID, address, education, previous employment).
- **Day 1**: Welcome session, HR induction, IT setup, introduction to team and mentor.
- **First Week**: Policy orientation, compliance training, role-specific training, buddy program.
- **First Month**: Probation objectives set, regular check-ins with manager and HR.

### Employee Benefits",c-level,employee_handbook.md
"What percentage of the total vendor services expenses in 2024 were allocated to marketing-related expenses (Dinner, corporate events)?","Expense Breakdown by Category:
-------------------------------------------
The primary drivers of expense in 2024 were:

1. **Vendor Services** - A total of $30M, representing a 18% increase from the previous year. The largest contributors were:
   - **Marketing-related expenses** (Dinner, corporate events) – 40% of vendor services.
   - **Training and education expenses** – 30% of vendor services.
   - **Software subscriptions** (cloud services, licensing) – 25% of vendor services.
   - **Other miscellaneous expenses** – 5% of vendor services.

   *Analysis*: The **Dinner** and **Training** categories accounted for an increasing share of the marketing budget. While essential for brand positioning, these expenses need tighter management, potentially through vendor renegotiations or reduced event frequency.",finance,financial_summary.md
What is the revenue target for Q4 2024?,"## Q4 - Projections & Targets
Our projections for Q4 2024 were ambitious yet grounded in historical performance and market analysis. The key targets were:

- **Customer Acquisition Target**: 220,000 new customers
  - Focused on expanding our retail and enterprise customer base through targeted campaigns and promotional offers.
- **Revenue Target**: $11 million
  - Driven by increased sales volume during the holiday season and new enterprise contracts.
- **Marketing Spend**: $2.5 million
  - Allocated across digital advertising (40%), traditional media (20%), content marketing (15%), events and sponsorships (15%), and customer retention programs (10%).

These targets were designed to align with our overarching goal of achieving a 4.4x ROI while maintaining a competitive edge in the market.

## Q4 - Benchmarks
To measure the effectiveness of our marketing initiatives, we established the following performance benchmarks:",marketing,market_report_q4_2024.md
What is the performance rating of Sakshi Malhotra?,"employee_id: FINEMP1002
full_name: Sakshi Malhotra
role: Relationship Manager
department: Sales
email: sakshi.malhotra@fintechco.com
location: Ahmedabad
date_of_birth: 1993-08-05
date_of_joining: 2023-04-17
manager_id: FINEMP1008
salary: 1448927.95
leave_balance: 21
leaves_taken: 7
attendance_pct: 86.31
performance_rating: 2
last_review_date: 2025-02-11",hr,hr_data.csv
What is the minimum percentage of basic salary that must be paid as bonus according to the Payment of Bonus Act?,"### Employee Benefits

#### Statutory Benefits
| Benefit | Details |
|---------|---------|
| **Employees’ Provident Fund (EPF)** | 12% employer & employee contribution; as per EPF Act, 1952 |
| **Employee State Insurance (ESI)** | For employees earning ≤ ₹21,000/month; covers medical, disability, maternity |
| **Gratuity** | Payable after 5 years of continuous service; as per Payment of Gratuity Act |
| **Maternity Benefit** | 26 weeks paid leave for first two children; as per Maternity Benefit Act |
| **Bonus** | As per Payment of Bonus Act; minimum 8.33% of basic salary |",c-level,employee_handbook.md
What is the total expense for Software Subscriptions?,"2. **Software Subscriptions** - A significant expense totaling $25M, up 22% from 2023. Given the heavy reliance on cloud-based tools and SaaS subscriptions, this area could benefit from more rigorous contract negotiation and potential consolidation of service providers.

3. **Employee Benefits and HR Costs** - With FinSolve Technologies's growth in headcount, HR expenses (benefits, recruitment, training) saw a 10% increase. While employee growth is essential, optimizing benefits packages and hiring processes could reduce per-employee cost.

4. **Other Operational Expenses** - A mix of general operational and administrative expenses totaling $15M, with a notable increase in travel and miscellaneous office costs, which grew by 8% year-over-year.",finance,financial_summary.md
What is the Cost Per Acquisition (CPA) target mentioned in the document?,"## Q4 - Benchmarks
To measure the effectiveness of our marketing initiatives, we established the following performance benchmarks:

- **Conversion Rate Target**: 15.0%
  - Aimed to improve conversion rates through optimized landing pages, streamlined user journeys, and A/B testing of campaign creatives.
- **ROI Target**: 4.4x
  - Calculated as the ratio of incremental revenue generated from marketing activities to the total marketing spend.
- **Customer Retention Rate**: 85%
  - Targeted to maintain high retention through loyalty programs and personalized customer experiences.
- **Cost Per Acquisition (CPA)**: $11.36
  - Derived from the marketing spend divided by the customer acquisition target ($2.5M / 220,000).

These benchmarks served as critical indicators of our campaign performance and guided our optimization efforts throughout the quarter.",marketing,market_report_q4_2024.md
What is the performance rating of Krishna Malhotra?,"employee_id: FINEMP1003
full_name: Krishna Malhotra
role: Business Analyst
department: Business
email: krishna.malhotra@fintechco.com
location: Pune
date_of_birth: 1984-12-20
date_of_joining: 2018-06-10
manager_id: FINEMP1003
salary: 519865.26
leave_balance: 12
leaves_taken: 5
attendance_pct: 84.34
performance_rating: 1
last_review_date: 2024-07-24",hr,hr_data.csv
How many children are covered under the company's group health insurance policy?,"#### Company Benefits
- **Group Health Insurance**: Family floater policy covering employee, spouse, and up to 2 children.
- **Accident & Life Insurance**: Additional coverage for accidental death or disability.
- **Wellness Programs**: Annual health check-ups, yoga/meditation sessions, mental health counseling.
- **Employee Assistance Program (EAP)**: Confidential counseling and support for personal or professional issues.
- **Flexible Work Arrangements**: Remote work, flexible hours (role-dependent).

---

## Leave Policies",c-level,employee_handbook.md
What was FinSolve Technologies’s cash flow from investing activities?,"Cash Flow Analysis:
-------------------------------------------
FinSolve Technologies’s **cash flow from operations** remained positive, amounting to $50M, a 20% increase over the prior year. However, the delayed payment cycles from several key vendors resulted in **accounts payable** delays, which slightly impacted cash liquidity during the second half of 2024. Addressing these delays, particularly in **vendor payments**, will be crucial to ensuring smoother cash flow management.

- **Cash Flow from Investing Activities**: Investments in research and development, new market entry, and acquisitions amounted to $15M, representing 20% of total cash flows. While these investments are crucial for long-term growth, they reduced short-term liquidity, which is something that should be monitored closely.",finance,financial_summary.md
What three areas did the strategic objectives for Q4 2024 aim to address?,"These benchmarks served as critical indicators of our campaign performance and guided our optimization efforts throughout the quarter.

## Q4 - Strategic Objectives
Our strategic objectives for Q4 2024 were designed to capitalize on seasonal opportunities, strengthen our B2B segment, and enhance customer loyalty. The key objectives included:",marketing,market_report_q4_2024.md
What is the performance rating of employee Aadhya Saxena?,"employee_id: FINEMP1004
full_name: Aadhya Saxena
role: Marketing Manager
department: Marketing
email: aadhya.saxena@fintechco.com
location: Lucknow
date_of_birth: 1986-03-31
date_of_joining: 2022-12-20
manager_id: FINEMP1008
salary: 1922205.04
leave_balance: 21
leaves_taken: 10
attendance_pct: 86.03
performance_rating: 3
last_review_date: 2024-01-12",hr,hr_data.csv
How many days of sick leave are employees entitled to per year?,"---

## Leave Policies

### Types of Leave
| Leave Type | Entitlement/Details |
|------------|---------------------|
| **Privilege/Annual** | 15-21 days/year (as per state Shops & Establishments Act); accrued monthly |
| **Sick Leave** | 12 days/year (non-cumulative; medical certificate for >2 days) |
| **Casual Leave** | 7 days/year (state-specific) |
| **Maternity Leave** | 26 weeks (first two children); 12 weeks for subsequent children |
| **Paternity Leave** | 7-15 days (company policy; not statutory) |
| **Bereavement Leave** | 3-7 days for immediate family (company policy) |
| **Compensatory Off** | For work on holidays/weekends (manager approval required) |
| **Public Holidays** | 10-14 days/year (as per company calendar and state notifications) |
| **Leave Without Pay** | Allowed with approval after exhausting paid leave |",c-level,employee_handbook.md
"What was FinSolve Technologies' gross margin percentage, and how does it compare to the industry benchmark?","- **Cash Flow from Financing Activities**: Financing activities remained consistent, with a small net cash inflow of $5M, used primarily for working capital management and capital expenditure.

Key Financial Ratios and Metrics:
-------------------------------------------
1. **Gross Margin**: 60% (Up from 55% in 2023)
   - *Industry Benchmark*: 55% (Indicates FinSolve Technologies is performing above average in terms of operational efficiency and cost control relative to peers).

2. **Net Margin**: 12% (Consistent with 2023)
   - *Industry Benchmark*: 10%
   - FinSolve Technologies’s stable net margin indicates sound control over both direct and indirect costs, though further improvement is possible with better vendor management.

3. **Return on Investment (ROI)**: 15%
   - *Industry Benchmark*: 12%
   - This figure shows efficient use of invested capital, outpacing the industry, and is a positive indicator for investor confidence.",finance,financial_summary.md
By what percentage did website traffic increase compared to Q3 as a result of the promotional campaigns?,"1. **Maximize End-of-Year Sales Through Promotions**
   - Implemented aggressive promotional campaigns, including Black Friday and holiday season discounts, to drive sales volume.
   - Leveraged email marketing and social media to promote limited-time offers, resulting in a 20% increase in website traffic compared to Q3.
2. **Focus on B2B Marketing and Increase Enterprise Client Sign-Ups**
   - Developed targeted account-based marketing (ABM) campaigns to engage enterprise clients in the technology, finance, and healthcare sectors.
   - Hosted virtual roundtables and webinars to showcase our solutions, leading to a 15% increase in enterprise leads.
3. **Improve Customer Retention with Targeted Offers**
   - Introduced a tiered loyalty program offering exclusive discounts and rewards for repeat customers.
   - Utilized predictive analytics to deliver personalized offers, reducing churn by 8% compared to Q3.",marketing,market_report_q4_2024.md
What is the performance rating of Shaurya Joshi?,"employee_id: FINEMP1005
full_name: Shaurya Joshi
role: Financial Analyst
department: Finance
email: shaurya.joshi@fintechco.com
location: Delhi
date_of_birth: 1977-05-28
date_of_joining: 2020-10-31
manager_id: FINEMP1009
salary: 1085205.18
leave_balance: 4
leaves_taken: 4
attendance_pct: 82.77
performance_rating: 2
last_review_date: 2024-09-15",hr,hr_data.csv
"How many days in advance must an employee apply for leave via the HRMS portal, except in emergencies?","### Leave Application Process
- Apply via HRMS/leave portal at least 3 days in advance (except emergencies).
- Sick leave for more than 2 days requires a medical certificate.
- Emergency leave to be communicated to manager/HR as soon as possible.
- Approval from reporting manager and HR required for all leave requests.
- Leave balance can be viewed on the HRMS portal.

### Public Holidays Policy
- Annual holiday list circulated at the start of each year.
- Includes national (Republic Day, Independence Day, Gandhi Jayanti), festival, and restricted holidays.
- Employees may choose restricted holidays as per personal preference.

---

## Work Hours & Attendance

### Work Hours
- **Standard Hours**: 9 hours/day (including 1 hour break), 6 days/week or 8 hours/day, 5 days/week (as per company policy).
- **Flexible Timings**: Allowed for eligible roles, subject to manager approval.
- **Shift Work**: Applicable for certain roles; shift allowance as per policy.",c-level,employee_handbook.md
What is the company's Days Sales Outstanding (DSO) as reported in the document?,"4. **Operating Expenses to Revenue Ratio**: 40%
   - *Industry Benchmark*: 45%
   - A lower operating expense ratio than industry peers suggests strong operational discipline.

5. **Days Sales Outstanding (DSO)**: 45 days
   - *Industry Benchmark*: 30 days
   - A high DSO indicates that receivables collection could be improved. Optimizing payment cycles will be key for cash flow stability.

Operational Insights:
-------------------------------------------
In 2024, operational efficiency was significantly impacted by delays in payment cycles and rising vendor costs. The company achieved strong revenue growth, but it’s clear that managing vendor expenses and tightening accounts payable and receivable processes will be crucial for future profitability.",finance,financial_summary.md
How many qualified leads were generated from sponsoring the two major industry conferences?,"## Campaign Highlights
### Digital Marketing
- **Social Media Campaigns**: Achieved a 25% engagement rate on platforms like LinkedIn and Instagram, driven by interactive content and influencer partnerships.
- **Paid Search**: Optimized Google Ads campaigns, resulting in a 12% reduction in cost-per-click (CPC) and a 10% increase in click-through rates (CTR).

### B2B Initiatives
- **Account-Based Marketing**: Targeted 50 high-value enterprise accounts, securing 10 new contracts worth $1.2 million in annual recurring revenue.
- **Industry Events**: Sponsored two major industry conferences, generating 300 qualified leads.

### Customer Retention
- **Loyalty Program**: Enrolled 50,000 customers in the new loyalty program, with 60% redeeming rewards by quarter-end.
- **Email Marketing**: Achieved a 35% open rate and 5% conversion rate on retention-focused email campaigns.",marketing,market_report_q4_2024.md
What is the performance rating of employee FINEMP1006?,"employee_id: FINEMP1006
full_name: Sara Sharma
role: QA Engineer
department: Quality Assurance
email: sara.sharma@fintechco.com
location: Delhi
date_of_birth: 1989-12-26
date_of_joining: 2021-05-15
manager_id: FINEMP1004
salary: 660681.91
leave_balance: 11
leaves_taken: 10
attendance_pct: 96.49
performance_rating: 2
last_review_date: 2024-02-26",hr,hr_data.csv
What are the approved methods for daily attendance marking according to the document?,"### Attendance & Punctuality
- Attendance must be marked daily via biometric, swipe card, or HRMS app.
- Late arrivals/early departures must be notified to the manager.
- Three or more late arrivals in a month may attract disciplinary action.

### Time Tracking
- All employees must record work hours and breaks accurately.
- Use of company-approved time tracking tools is mandatory for remote/hybrid roles.

### Overtime & Compensation
- Overtime is voluntary and paid at double the regular wage rate (as per Factories Act).
- Prior approval from manager required for overtime.
- Compensatory off may be provided in lieu of overtime for certain roles.

---

## Code of Conduct & Workplace Behavior

### Professionalism & Respect
- Treat all colleagues, clients, and vendors with respect and courtesy.
- Maintain a positive, inclusive, and harassment-free environment.
- Uphold confidentiality of company information at all times.",c-level,employee_handbook.md
Which recommendation suggests automating the accounts payable process to reduce human errors and improve cash flow?,"**Recommendations**:
1. **Vendor Management**: Continue negotiations for better pricing, especially in high-expense categories like marketing events and software subscriptions. Consider consolidating suppliers where possible to leverage better terms.
2. **Automation in Vendor Payments**: Automating the accounts payable process will reduce human errors, speed up payments, and help reduce overdue payments, which will positively impact cash flow.
3. **Employee Cost Optimization**: As the headcount grows, consider introducing more flexible benefits packages and using technology to reduce HR administrative costs.
4. **Cost-Cutting in Non-Core Activities**: Explore opportunities to reduce expenses in non-essential categories, including travel and certain office-related costs.",finance,financial_summary.md
